ChildID,FileName
2931_1,20180206_110905_009463
3211_1,20180419_111712_022875
3291_1,20180530_180405_024879
3201_1,20180530_181101_022875
3491_7,20180808_111325_024882
3451_1,20180906_133011_022875
3681_1,20181023_153740_024881
3741_1,20181115_125826_024880
3211_2,20181115_130044_024882
2991_1,20181128_142339_024884